h_1277,theta_1277,h_1278,theta_1278,h_1279,theta_1279,h_1280,theta_1280,h_1281,theta_1281,h_1282,theta_1282,h_1283,theta_1283,h_1284,theta_1284
0.07,0.502883019,0.07,0.472649057,0.07,0.451290566,0.07,0.463758491,0.07,0.488150943,0.07,0.469615094,0.07,0.468603774,0.07,0.437207547
0.07,0.502883019,0.07,0.472649057,0.07,0.451290566,0.07,0.463758491,0.07,0.488150943,0.07,0.469615094,0.07,0.468603774,0.07,0.437207547
0.07,0.55208,0.07,0.53312,0.07,0.51604,0.07,0.49192,0.07,0.51248,0.07,0.48928,0.07,0.50312,0.07,0.46432
0.07,0.526192898,0.07,0.502720045,0.07,0.484658628,0.07,0.478446232,0.07,0.500307979,0.07,0.479843915,0.07,0.486333599,0.07,0.452063451
1500,0.325655827,1500,0.324712209,1500,0.313141056,1500,0.311163278,1500,0.329911892,1500,0.290170394,1500,0.311991186,1500,0.297246581
1500,0.341677111,1500,0.344347863,1500,0.333416762,1500,0.319926105,1500,0.337938337,1500,0.295876568,1500,0.322759945,1500,0.305305665
0.415,0.523981683,0.515,0.505247224,1.38,0.489279434,0.175,0.486966294,0.355,0.501245178,0.225,0.482040715,0.47,0.482157734,0.315,0.462889919
0.775,0.52325732,1.09,0.504643718,1.54,0.488715921,0.145,0.486538346,0.735,0.49952698,0.25,0.481413058,0.675,0.481152434,0.355,0.462383645
1.255,0.522799827,1.595,0.504040213,1.655,0.48811484,0.13,0.486032589,0.89,0.498863131,0.29,0.480706943,0.9,0.480379125,0.45,0.461799483
1.805,0.521999214,2.095,0.503248112,1.64,0.487476192,0.11,0.48560464,0.955,0.498238331,0.475,0.480118515,1.17,0.479605817,0.555,0.461332154
2.405,0.521236727,2.695,0.502757764,1.615,0.48706295,0.1,0.485176692,1.07,0.497691632,0.805,0.479608543,1.565,0.478716512,0.56,0.46082588
2.96,0.520626736,3.46,0.502116539,4.06,0.485973492,0.09,0.484709839,1.115,0.497144933,1.205,0.479059343,2.01,0.4780592,0.6,0.460319606
3.48,0.52005487,4.135,0.50166391,4.87,0.484959168,0.08,0.484242987,1.225,0.496559184,1.645,0.478470915,2.495,0.477324557,0.7,0.459852277
3.925,0.519483004,4.79,0.500947247,6.555,0.477032421,0.085,0.483620516,1.41,0.496051534,2.085,0.4780394,2.995,0.476705911,0.645,0.459384947
4.31,0.518911139,5.405,0.500645495,6.925,0.47598053,0.15,0.482881333,1.63,0.495465785,2.55,0.477607886,3.555,0.476087264,0.725,0.45903445
4.635,0.518263024,5.99,0.500041989,7.02,0.475867828,0.255,0.482025436,1.865,0.494919086,3.055,0.477097915,4.13,0.475623279,0.825,0.458645009
5.04,0.517805531,6.55,0.49958936,7.05,0.475154045,0.325,0.481208444,2.18,0.494528586,3.355,0.476587943,4.72,0.475004633,0.945,0.458216623
5.425,0.517348038,6.98,0.499212169,7.18,0.474740802,0.355,0.480585974,2.46,0.494020937,3.85,0.476038743,5.295,0.474501982,1.09,0.457827182
5.785,0.516852421,7.49,0.498684102,7.255,0.474177289,0.365,0.480002408,2.8,0.493552337,4.26,0.475607229,5.835,0.473999332,1.25,0.457437741
6.135,0.516394928,7.98,0.498269192,7.15,0.474327559,0.37,0.479263224,3.16,0.493083738,4.75,0.475136486,6.375,0.473496681,1.42,0.4570483
6.46,0.515861187,8.065,0.497816563,6.86,0.473613776,0.39,0.478679658,3.54,0.492576088,5.12,0.474783429,6.905,0.472994031,1.63,0.456736747
6.78,0.515403694,8.795,0.497288496,7.24,0.472749723,0.515,0.478057188,3.93,0.492380839,5.12,0.474351914,7.28,0.47241405,1.84,0.456425193
7.145,0.514946201,9.25,0.496986743,7.265,0.472674588,0.83,0.477590335,4.345,0.491834139,5.515,0.473841943,7.915,0.47198873,2.065,0.456035752
7.415,0.514526833,9.645,0.496496395,7.5,0.47218621,1.28,0.477162387,4.73,0.49136554,5.89,0.473606571,8.425,0.471563411,2.315,0.455685255
7.745,0.514145589,10.07,0.496043766,7.59,0.472148643,1.82,0.476501012,5.135,0.490896941,6.275,0.473057371,8.875,0.471022095,2.55,0.455373702
8.045,0.513649972,10.3,0.495704294,7.62,0.4717354,2.38,0.47603416,5.525,0.490506441,6.545,0.472704314,9.285,0.470635441,2.795,0.455023205
8.345,0.513192479,10.7,0.495251665,8.11,0.470533239,2.92,0.475606211,5.815,0.490115942,6.69,0.472468943,9.665,0.47013279,3.035,0.454711652
8.645,0.512811235,10.915,0.494949912,8.315,0.470119996,3.475,0.475139358,5.965,0.489881642,6.785,0.472115886,10.01,0.469784801,3.275,0.454361155
8.95,0.512391867,11.58,0.494648159,8.405,0.469744321,4.02,0.474594697,6.235,0.489569242,7.15,0.471919743,10.17,0.469398147,3.53,0.454049602
9.2,0.512086872,11.855,0.494308687,8.575,0.469406213,4.55,0.474244557,6.455,0.489373992,7.42,0.471488228,10.23,0.469127489,3.715,0.453854881
9.625,0.511743752,12.225,0.494082373,8.665,0.469030538,5.095,0.4737388,6.805,0.488905393,7.65,0.471370543,10.555,0.468779501,3.92,0.453543328
9.84,0.51155313,12.395,0.493856058,8.805,0.468617295,5.67,0.473271948,6.925,0.488671093,7.965,0.470860571,10.78,0.468508843,4.095,0.453348607
10.205,0.511324384,12.77,0.493554306,8.685,0.468617295,6.275,0.472843999,7.24,0.488358694,8.085,0.470664428,11.105,0.468083523,4.315,0.453075998
10.2,0.510866891,12.895,0.493252553,8.675,0.46824162,6.82,0.472454955,7.37,0.488124394,8.395,0.470389828,11.33,0.467812865,4.505,0.452842334
10.57,0.510561896,13.285,0.492875362,8.735,0.46779081,7.17,0.472027007,7.725,0.487694845,8.48,0.469997543,11.57,0.467426211,4.73,0.452569725
10.605,0.510295025,13.575,0.492573609,8.99,0.46764054,7.705,0.47152125,7.985,0.487343395,8.54,0.469683714,11.8,0.467232884,4.95,0.452375004
10.88,0.509951906,13.77,0.492234137,10.14,0.466438379,8.025,0.471404537,8.225,0.487109095,8.56,0.469409114,12.095,0.46684623,5.145,0.452063451
11.07,0.509761284,14.215,0.492045542,10.62,0.46354568,8.425,0.470976588,8.395,0.486796696,8.59,0.469212971,12.3,0.466536907,5.395,0.451790842
11.14,0.509341915,14.395,0.49170607,12.17,0.463132437,8.715,0.470704258,8.64,0.486523346,8.725,0.468820685,12.54,0.466266249,5.565,0.451557177
11.575,0.509151293,14.76,0.491479756,13.42,0.463057302,9.125,0.470393022,8.82,0.486210946,9.055,0.468506857,12.76,0.465956925,5.78,0.451323513
11.65,0.508770049,14.89,0.491064846,14.245,0.462681627,9.47,0.470081787,9.015,0.486015697,9.265,0.468349943,13,0.465647602,5.955,0.451167736
11.96,0.508465054,15.305,0.491027126,15.22,0.462268384,9.755,0.469731648,9.185,0.485508047,9.38,0.467957657,13.23,0.465338279,6.18,0.450895127
11.96,0.508121935,15.48,0.490574497,15.51,0.462230816,10.105,0.469420413,9.365,0.485273748,9.67,0.467683057,13.445,0.464951624,6.35,0.450700406
12.38,0.507969437,15.76,0.490310464,16.085,0.461967844,10.36,0.469070273,9.585,0.485000398,9.715,0.467447685,13.7,0.464642301,6.56,0.450466742
12.42,0.507550069,16.13,0.490084149,16.595,0.461629736,10.77,0.468759038,9.7,0.484727048,9.92,0.467173085,13.91,0.464448974,6.785,0.450233077
12.595,0.507321322,16.25,0.489744677,17.265,0.461216493,10.99,0.468447803,9.91,0.484492748,10.105,0.466976942,14.13,0.464139651,6.96,0.450038356
12.925,0.5071307,16.55,0.489556082,17.51,0.461178926,11.355,0.468136568,10.005,0.484258449,10.255,0.466584657,14.33,0.463946324,7.185,0.449726803
12.96,0.506749457,16.8,0.489292048,17.55,0.461028656,11.61,0.467747524,10.22,0.483906999,10.515,0.466388514,14.555,0.463559669,7.385,0.449571027
13.205,0.506673208,16.805,0.488990296,18.125,0.460465143,11.975,0.467475193,10.385,0.4836727,10.565,0.466035457,14.72,0.463289012,7.58,0.44941525
13.36,0.506291964,17.24,0.488763981,18.24,0.46020217,11.545,0.467125053,10.545,0.48339935,10.87,0.465839314,14.935,0.463018354,7.815,0.449142641
13.27,0.505948844,17.305,0.48838679,18.31,0.460164602,11.595,0.466813818,10.7,0.48316505,10.905,0.465525485,15.11,0.462747696,7.995,0.448947921
13.705,0.505834471,17.73,0.488273633,18.84,0.459713792,12.08,0.466580392,10.805,0.482813601,11.21,0.465250885,15.305,0.462554369,8.23,0.448675312
13.675,0.505453227,17.78,0.487934161,18.87,0.459187847,12.385,0.466230252,10.98,0.482579301,11.29,0.464976285,15.41,0.462245045,8.415,0.448519535
14,0.505376978,18.16,0.487707846,19.46,0.459037577,12.62,0.46603573,11.05,0.482266901,11.365,0.464662457,15.58,0.461935722,8.655,0.44828587
14,0.50495761,18.375,0.487368375,19.41,0.459150279,12.815,0.465724495,11.235,0.481915452,11.62,0.464466314,15.755,0.461665064,8.855,0.44809115
14.315,0.504766988,18.44,0.487179779,19.895,0.458661901,13.01,0.465529973,11.385,0.481759252,11.635,0.464230942,15.96,0.461471737,9.07,0.447896429
14.42,0.504461993,18.605,0.486878026,20.81,0.457459741,13.17,0.465102025,11.45,0.481485902,11.88,0.463956342,16.17,0.461123748,9.3,0.447662764
14.515,0.504195122,18.84,0.486651712,20.94,0.457384606,13.355,0.464907503,11.655,0.481173503,12.055,0.463760199,16.275,0.460891756,9.49,0.447545932
14.845,0.504156998,18.965,0.486387678,21.06,0.457234336,13.63,0.464596268,11.73,0.480978253,12.07,0.463446371,16.465,0.460737094,9.72,0.447312267
14.83,0.503661381,19.49,0.486199083,21.245,0.456670823,13.735,0.464401746,11.85,0.480743953,12.3,0.463132542,16.69,0.460389105,9.915,0.447078602
15.04,0.503585132,19.515,0.48589733,21.205,0.456520553,14.005,0.464051606,12.005,0.480431554,12.535,0.462936399,16.85,0.460195778,10.105,0.446922826
15.25,0.503280137,19.645,0.485671016,21.52,0.45580677,14.15,0.463740371,12.09,0.480197254,12.555,0.462622571,17.045,0.460002451,10.345,0.446689161
15.25,0.502975141,20.165,0.485520139,21.815,0.455694067,14.365,0.463506945,12.26,0.479884854,12.835,0.462347971,17.24,0.459654462,10.545,0.446494441
15.43,0.502898893,19.99,0.485142948,22.195,0.4556565,14.59,0.46319571,12.37,0.479650555,12.82,0.462112599,17.355,0.45942247,10.75,0.44629972
15.615,0.502555773,20.6,0.484916634,22.98,0.454830014,14.745,0.463001188,12.49,0.479338155,13.1,0.461798771,17.575,0.459074481,11.01,0.446066055
15.53,0.502250778,20.225,0.484614881,23.18,0.454830014,15,0.462689953,12.655,0.479064805,13.245,0.461602628,17.725,0.458958485,11.175,0.445910279
15.93,0.502060156,20.735,0.484426286,23.19,0.453364881,15.13,0.462495431,12.72,0.478908605,13.295,0.461328028,17.91,0.458687827,11.425,0.445676614
15.87,0.501678912,21.215,0.484199971,22.975,0.453289746,15.34,0.4622231,12.875,0.478557156,13.565,0.461131885,18.1,0.458378504,11.625,0.445481893
16.075,0.501640788,21.34,0.483860499,23.49,0.453364881,15.6,0.461911865,13.03,0.478361906,13.67,0.460935742,18.225,0.458223842,11.86,0.445326117
16.21,0.501259544,21.6,0.483709623,23.655,0.452838935,15.76,0.461678438,13.09,0.478166656,13.75,0.460621914,18.345,0.457953184,12.065,0.445092452
16.235,0.500992673,21.88,0.483445589,23.215,0.452989205,15.945,0.461483916,13.225,0.477815207,14.025,0.460347314,18.54,0.457605195,12.26,0.444858787
16.52,0.500840175,21.83,0.483219275,23.88,0.45231299,16.185,0.461094872,13.36,0.477659007,14.115,0.460072713,18.74,0.457450534,12.475,0.444703011
16.595,0.50053518,22.245,0.483030679,23.695,0.452125152,16.325,0.460861446,13.465,0.477307557,14.2,0.459837342,18.925,0.457257207,12.71,0.444469346
16.63,0.500230185,22.315,0.482728926,23.86,0.451486504,16.54,0.460550211,13.67,0.477034208,14.455,0.459484285,18.89,0.456909218,12.9,0.444313569
16.865,0.500115812,22.35,0.482502612,22.765,0.451373802,16.49,0.46027788,13.76,0.476760858,14.53,0.459366599,17.73,0.456715891,13.14,0.444118849
16.875,0.499848941,22.895,0.482276297,24.39,0.450960559,16.605,0.460122263,13.85,0.476643708,14.62,0.459131228,18.885,0.456522564,13.385,0.443924128
16.915,0.49958207,23.04,0.482012264,23.95,0.450697586,16.4,0.459811027,14.035,0.476331309,14.9,0.458778171,18.905,0.45621324,13.58,0.443690463
17.18,0.499391448,23.18,0.481823668,24.775,0.450547316,16.77,0.459538697,14.165,0.476097009,14.94,0.458621256,18.955,0.456097244,13.815,0.443534687
17.27,0.499162702,23.37,0.481559635,26.23,0.449345156,17.09,0.459421983,14.265,0.475862709,15.065,0.458307428,18.375,0.455749256,14.06,0.443301022
17.275,0.498895831,23.52,0.48133332,25.815,0.449157318,17.3,0.459071844,14.435,0.47558936,15.32,0.458111285,19.03,0.455478598,14.265,0.443145245
17.51,0.498743334,23.62,0.481031567,26.7,0.448931913,17.415,0.458877322,14.55,0.47527696,15.32,0.457915142,19.15,0.455362601,14.515,0.442989469
17.575,0.498438338,23.995,0.480956129,26.495,0.44851867,17.68,0.458643896,14.655,0.47508171,15.475,0.457601313,15.47,0.455053278,14.69,0.442755804
17.675,0.498171468,23.84,0.480654376,26.8,0.448293265,17.83,0.45833266,14.835,0.474730261,15.465,0.45740517,17.71,0.454859951,14.935,0.442600028
17.78,0.497980846,24.245,0.480390343,27.38,0.448030292,17.97,0.458138138,14.925,0.474613111,15.545,0.45713057,18.705,0.454705289,15.195,0.442405307
17.975,0.497713975,24.59,0.480239466,27.35,0.447880022,18.185,0.457943617,15.055,0.474300711,15.715,0.456895199,19.305,0.454395966,15.425,0.442210586
18.13,0.497485229,24.475,0.479899995,27.565,0.447579482,18.355,0.457593477,15.235,0.474066411,15.885,0.456620599,19.5,0.454125308,15.62,0.44205481
18.37,0.497332731,24.875,0.47967368,27.775,0.447391644,18.485,0.457437859,15.255,0.473871162,15.94,0.456385228,19.74,0.454009312,15.89,0.441860089
18.3,0.497027736,24.91,0.479522804,27.88,0.446715429,18.655,0.457165529,15.44,0.473597812,16.14,0.456071399,20.115,0.453661323,16.11,0.441626424
18.56,0.496760865,24.605,0.479145613,27.85,0.446490024,18.785,0.456854294,15.565,0.473441612,16.195,0.455953713,20.43,0.453506661,16.35,0.441470648
18.695,0.496532119,25.29,0.479070175,28.62,0.446452456,18.925,0.456659772,15.665,0.473168263,16.405,0.455639885,20.635,0.453274669,16.61,0.441236983
18.66,0.496227124,25.39,0.478692984,28.535,0.446227051,19.08,0.456348536,15.81,0.472855863,16.615,0.455443742,20.45,0.453042676,16.815,0.441120151
18.9,0.496188999,25.56,0.478579826,28.92,0.445588403,19.17,0.45611511,15.89,0.472621563,16.66,0.455247599,20.88,0.452849349,17.075,0.440886486
18.975,0.495922128,25.675,0.478391231,28.585,0.445513268,19.25,0.455920588,16.03,0.472387264,16.88,0.45493377,21.175,0.452617357,17.26,0.440730709
19.175,0.495655258,25.74,0.478051759,29.02,0.44532543,19.46,0.455648257,16.25,0.472113914,17.035,0.454776856,21.42,0.452346699,17.5,0.440535989
19.37,0.49550276,25.945,0.478051759,29.085,0.444912188,19.56,0.455337022,16.305,0.471918664,17.145,0.454463027,21.6,0.452192037,17.76,0.440302324
19.3,0.495159641,25.975,0.477636849,29.16,0.44457408,19.77,0.455181405,16.51,0.471723414,17.345,0.454266885,21.71,0.451921379,17.98,0.440107603
19.535,0.494969019,26.065,0.477410535,29.59,0.444235972,19.955,0.454870169,16.655,0.471450065,17.385,0.454149199,21.73,0.451612056,18.215,0.439951827
19.62,0.494664023,26.66,0.47718422,29.575,0.444085702,20.085,0.454675647,16.755,0.471215765,17.555,0.453796142,21.71,0.451534725,18.45,0.43979605
19.635,0.494473401,26.525,0.476920186,29.81,0.443747594,20.335,0.454481125,16.995,0.470981465,17.72,0.453599999,21.855,0.451264067,18.65,0.43960133
19.83,0.494320904,26.78,0.476731591,30.195,0.443597324,20.45,0.45416989,17.075,0.470786216,17.795,0.453364627,21.995,0.451032075,18.895,0.439445553
19.905,0.494015909,26.89,0.476580715,29.92,0.443371919,20.585,0.454053177,17.23,0.470512866,18.01,0.45301157,22.33,0.450877413,19.115,0.439211888
20.035,0.493787162,26.665,0.476241243,30.505,0.443259217,20.765,0.453780846,17.43,0.470200466,18.17,0.452893884,22.605,0.450645421,19.325,0.439056112
20.275,0.493634665,27.24,0.476128085,30.23,0.443033811,20.87,0.453469611,17.505,0.470005216,18.255,0.452619284,22.67,0.450490759,19.585,0.438861391
20.205,0.493291545,27.245,0.47593949,30.665,0.442695704,21.11,0.453275089,17.635,0.469731867,18.49,0.452305456,22.845,0.450181436,19.78,0.438666671
20.46,0.493139048,27.245,0.475562299,31.31,0.442132191,21.29,0.452963854,17.84,0.469536617,18.59,0.45218777,23.02,0.450026774,20.005,0.438588782
20.595,0.492910301,27.69,0.475373704,31.285,0.441981921,21.395,0.452769332,17.9,0.469341367,18.695,0.45191317,23.125,0.449794781,20.24,0.438277229
20.54,0.492605306,27.62,0.475147389,31.62,0.441606246,21.555,0.452613715,18.06,0.469068018,18.945,0.45163857,23.35,0.449485458,20.435,0.438160397
20.8,0.492414684,27.765,0.474883355,31.82,0.441455975,21.715,0.452341384,18.275,0.468794668,19.075,0.451442427,23.445,0.449292131,20.62,0.437965676
20.87,0.492224062,28.1,0.471601795,31.865,0.441305705,21.89,0.452146862,18.335,0.468677518,19.085,0.451167827,23.6,0.449021473,20.88,0.437732011
20.86,0.491919067,28.425,0.471262323,32.55,0.440516787,22.15,0.451835627,18.51,0.468326069,19.32,0.450893227,23.805,0.448866812,21.085,0.437576235
21.165,0.491766569,28.13,0.470922851,32.73,0.440141112,22.275,0.451563296,18.66,0.468130819,19.49,0.450618627,23.985,0.448596154,21.27,0.437381514
21.21,0.491537823,28.425,0.470658817,33.08,0.439953275,22.46,0.45132987,18.83,0.467818419,19.58,0.45026557,24.09,0.448402827,21.545,0.437186794
21.205,0.491270952,28.195,0.470281626,33.29,0.439615167,22.66,0.451135348,18.98,0.46734982,19.7,0.449951741,24.375,0.448093503,21.765,0.436992073
21.44,0.491118455,27.85,0.469979874,33.49,0.439239492,22.785,0.450901921,19.13,0.46707647,19.815,0.449637913,24.575,0.447861511,21.99,0.436797352
21.32,0.490813459,28.295,0.468810582,33.74,0.438788681,22.995,0.450668495,19.26,0.466764071,19.885,0.449245627,24.74,0.447552187,22.255,0.436563688
21.255,0.490432216,29.02,0.468659705,34.045,0.438563276,23.19,0.450396164,19.355,0.466334521,19.945,0.44889257,24.975,0.447165533,22.51,0.436330023
21.24,0.490165345,28.795,0.468282515,34.115,0.437999763,23.29,0.450240547,19.465,0.466100221,20.02,0.448774884,25.145,0.446894875,22.75,0.436057414
21.225,0.489822225,29.14,0.468018481,34.37,0.438074898,23.385,0.45000712,19.555,0.465748772,20.015,0.448382599,25.29,0.446662883,22.94,0.435823749
21.285,0.489593479,29.405,0.467867605,34.555,0.437661656,23.59,0.449734789,19.755,0.465202072,20.085,0.448107998,25.435,0.44643089,23.15,0.435590084
21.33,0.489288484,29.335,0.46764129,34.82,0.437060575,23.665,0.449579172,19.915,0.464889673,20.19,0.447637256,25.345,0.446082902,23.355,0.43535642
21.33,0.488945364,29.78,0.467452695,35.085,0.436797602,23.805,0.449190128,19.995,0.464460123,20.37,0.447284198,25.555,0.445812244,23.55,0.435122755
21.48,0.488640369,30.11,0.467150942,35.275,0.436196522,23.985,0.448878893,20.005,0.464147724,20.485,0.44697037,25.815,0.445541586,23.765,0.434850146
21.425,0.488182876,29.805,0.467037785,35.735,0.435670577,24.11,0.448645466,20.065,0.463874374,20.67,0.44669577,26.005,0.445154932,23.995,0.434655425
21.23,0.488106627,30.175,0.466660594,35.925,0.435595442,24.295,0.448295327,20.265,0.463483875,20.805,0.446303484,26.245,0.444884274,24.22,0.434421761
21.28,0.487534762,30.525,0.466509717,36.165,0.435219766,24.405,0.447906283,20.465,0.463171475,20.935,0.445989655,26.47,0.444613616,24.43,0.434188096
21.295,0.487306015,30.84,0.466207965,36.575,0.434355713,24.53,0.447556143,20.66,0.462820025,21.085,0.445636598,26.705,0.444381623,24.61,0.433915487
21.32,0.486962896,30.72,0.466094807,37.435,0.433754633,24.605,0.447283813,20.56,0.462663826,20.76,0.445715055,26.975,0.444033635,24.84,0.433642878
21.42,0.4866579,31.14,0.465868493,37.65,0.432928148,24.75,0.447011482,20.82,0.462351426,21.215,0.44532277,27.18,0.443724311,25.055,0.433448157
21.535,0.486276657,30.885,0.46556674,37.87,0.433078418,24.86,0.446739151,21.08,0.462039026,21.555,0.444969713,27.375,0.443414988,25.31,0.433136604
21.68,0.486124159,31.145,0.465529021,38.15,0.432853012,25.025,0.446350107,21.11,0.461882827,21.42,0.444812798,27.185,0.443337657,25.495,0.432980828
21.87,0.485781039,31.445,0.46515183,38.26,0.432364635,25.15,0.445999968,21.28,0.461687577,21.735,0.444538198,27.625,0.443066999,25.65,0.432825051
22.245,0.485666666,31.385,0.464963235,38.745,0.431688419,25.3,0.445688733,21.445,0.461336127,21.81,0.444342055,27.98,0.442873672,25.915,0.432630331
22.255,0.485285422,31.64,0.464699201,39.005,0.431725987,25.415,0.445338593,21.645,0.461179927,22.165,0.444106684,27.835,0.442680345,26.175,0.43243561
22.24,0.484942303,32.02,0.464548325,39.355,0.431012204,25.6,0.445066262,21.795,0.460906578,22.245,0.443832084,28.275,0.442371022,26.345,0.432279833
22.375,0.484904178,31.855,0.464246572,39.58,0.431012204,25.7,0.444677218,21.925,0.460672278,22.48,0.44367517,28.315,0.442139029,26.585,0.432046169
22.7,0.484522934,32.2,0.464057976,39.73,0.430598961,25.89,0.444365983,22.16,0.460398928,22.645,0.443361341,28.605,0.442061698,26.78,0.431851448
22.95,0.484370437,32.185,0.463793943,39.86,0.430148151,26.08,0.444210366,22.26,0.460203679,22.81,0.44312597,28.765,0.441829706,27.03,0.431656727
22.955,0.484065442,32.56,0.463643066,40.005,0.430260853,26.14,0.443976939,22.515,0.459969379,23.04,0.442890598,29.145,0.441636379,27.2,0.431500951
23.19,0.483951068,32.29,0.463379033,40.325,0.429584638,26.315,0.443665704,22.49,0.459774129,23.035,0.442772912,29.29,0.441404386,27.46,0.43130623
23.3,0.483607949,32.665,0.463114999,41.08,0.428420045,26.515,0.443471182,22.87,0.45938363,23.51,0.442380627,29.565,0.441211059,27.625,0.431150454
23.34,0.483417327,32.465,0.462888685,41.245,0.428420045,26.63,0.443237756,22.85,0.45930553,23.31,0.442262941,29.765,0.441017732,27.875,0.430955733
23.58,0.483150456,32.57,0.462700089,41.365,0.428044369,26.735,0.443043234,23.15,0.45911028,23.84,0.441988341,29.945,0.440824405,28.05,0.430799957
23.735,0.482959834,32.95,0.462473775,41.62,0.427593559,26.985,0.442848712,23.18,0.45895408,23.745,0.441831427,30.3,0.440553747,28.275,0.430566292
23.92,0.482731088,32.71,0.462209741,41.83,0.427255451,27.205,0.442537477,23.525,0.458602631,24.24,0.44147837,30.27,0.440437751,28.495,0.430449459
24,0.482426093,33.015,0.462021145,41.9,0.427217884,27.34,0.442342955,23.6,0.458290231,24.195,0.441321455,30.66,0.440089762,28.635,0.430293683
24.235,0.482349844,33.355,0.461794831,42.18,0.426654371,27.555,0.442070624,23.79,0.458094981,24.455,0.441046855,30.81,0.440051097,28.87,0.430060018
24.31,0.482044849,33.63,0.461530797,42.37,0.426391398,27.775,0.441876102,23.985,0.457899732,24.695,0.440811484,31.275,0.439780439,29.065,0.429865297
24.325,0.481892351,33.485,0.461266764,42.4,0.426090858,27.96,0.441564867,24.17,0.457704482,24.925,0.440536884,30.925,0.439587112,29.315,0.429670577
24.52,0.481511107,33.83,0.461153606,42.6,0.425640048,28.13,0.441448154,24.24,0.457353032,24.88,0.440340741,31.34,0.43943245,29.505,0.4295148
24.66,0.481472983,33.705,0.460851854,42.755,0.425527345,28.15,0.441136919,24.54,0.457079683,25.295,0.440223055,31.29,0.439161792,29.72,0.429281135
24.87,0.481053614,34.03,0.460625539,43.175,0.424475455,28.45,0.441020205,24.665,0.456806333,25.355,0.439948455,31.66,0.4389298,29.915,0.429047471
24.915,0.480939241,34.355,0.460399225,43.32,0.424588157,28.625,0.44070897,24.915,0.456572033,25.695,0.439595398,31.625,0.438775138,30.15,0.428891694
25.095,0.480634246,34.155,0.460135191,43.37,0.424212482,28.83,0.440514448,24.965,0.456415833,25.62,0.439556169,32.005,0.438543145,30.33,0.428735918
25.26,0.480519873,34.515,0.459984315,43.535,0.423874374,29.02,0.440281022,25.295,0.456181534,26.12,0.439124655,31.875,0.438311153,30.595,0.428541197
25.365,0.480138629,34.25,0.459720281,43.685,0.423724104,29.23,0.439969787,25.325,0.455947234,26,0.439006969,32.32,0.438079161,30.785,0.428346476
25.475,0.479948007,34.66,0.459569405,44.015,0.422822484,29.395,0.439814169,25.625,0.455751984,26.385,0.438732369,32.56,0.437963164,31.015,0.4281907
25.65,0.479681136,34.67,0.459267652,44.165,0.422597078,29.675,0.439541838,25.655,0.455556734,26.4,0.438575455,33.06,0.437653841,31.205,0.427957035
25.76,0.479490514,34.895,0.459116775,44.565,0.421695458,29.75,0.439425125,26.07,0.455127185,26.88,0.438143941,33.135,0.437537845,31.43,0.427762314
25.89,0.479147395,35.035,0.458890461,44.61,0.42135735,30.015,0.439074986,26.025,0.455010035,26.755,0.438104712,33.515,0.437305852,31.6,0.427645482
25.74,0.478994897,34.565,0.458626427,44.745,0.421394918,30.15,0.438997177,26.36,0.454736685,27.15,0.437751655,33.77,0.437035194,31.815,0.427450761
26.14,0.478728026,34.885,0.458550989,44.86,0.420944107,30.435,0.438647037,26.435,0.454580486,27.21,0.437477055,34.185,0.436841867,32.005,0.427217097
26.335,0.478537404,35.285,0.458173798,45.075,0.420493297,30.575,0.438413611,26.56,0.454229036,27.33,0.437320141,34.215,0.43664854,32.2,0.427022376
26.295,0.47815616,35.67,0.458022922,45.275,0.419967352,30.8,0.438219089,26.86,0.454033786,27.705,0.437045541,34.545,0.436377882,32.36,0.426827655
26.6,0.477965538,36.035,0.457758888,45.365,0.419704379,30.995,0.437985663,26.805,0.453877587,27.58,0.436888626,34.84,0.43614589,32.535,0.426632935
26.705,0.477813041,36.415,0.457457135,,,31.115,0.437752236,27.18,0.453565187,27.945,0.436653255,34.975,0.436029893,32.75,0.426477158
26.895,0.477508046,36.73,0.457306259,,,31.31,0.43751881,27.235,0.453291837,28.025,0.436378655,35.24,0.435797901,32.92,0.426282438
27.005,0.477279299,37.06,0.457042225,,,31.51,0.437246479,27.4,0.453096587,28.24,0.436221741,35.455,0.435681905,33.12,0.426126661
27.19,0.476974304,37.195,0.456891349,,,31.755,0.437051957,27.745,0.452862288,28.61,0.435947141,35.745,0.435411247,33.275,0.42593194
27.36,0.476783682,37.49,0.456665035,,,31.955,0.436857435,27.695,0.452627988,28.56,0.435790226,36.015,0.43521792,33.475,0.425776164
27.425,0.476631185,37.795,0.456363282,,,32.185,0.4365462,28.01,0.452393688,28.935,0.435515626,36.195,0.435024593,33.685,0.425581443
27.49,0.476364314,38.08,0.456099248,,,32.26,0.436468391,28.065,0.452276538,28.965,0.435319483,36.465,0.4347926,33.875,0.425386723
27.66,0.476173692,38.32,0.455948372,,,32.5,0.436157156,28.34,0.451964139,29.305,0.435084112,36.675,0.434560608,34.065,0.425230946
27.92,0.475906821,38.555,0.455571181,,,32.7,0.43592373,28.375,0.451768889,29.29,0.434966426,36.96,0.434483277,34.275,0.42507517
28.05,0.475601826,38.785,0.455382585,,,32.885,0.435729208,28.625,0.451612689,29.59,0.434652598,37.2,0.434212619,34.45,0.424880449
28.145,0.475487453,39.015,0.455156271,,,33.14,0.435456877,28.93,0.45133934,29.86,0.434456455,37.375,0.434019292,34.66,0.424646784
28.46,0.475182458,39.2,0.454892237,,,33.26,0.435262355,28.97,0.45110504,29.905,0.434181855,37.65,0.433825965,34.855,0.424452063
28.535,0.474991836,39.39,0.454741361,,,33.48,0.435067833,29.31,0.45079264,30.3,0.433907255,37.86,0.433671303,35.03,0.424296287
28.76,0.474763089,39.59,0.454401889,,,33.69,0.434834407,29.375,0.45067549,30.375,0.433711112,38.12,0.433439311,35.215,0.424062622
28.805,0.474648716,39.795,0.454137855,,,33.85,0.434639885,29.565,0.450402141,30.61,0.433436512,38.35,0.433245984,35.415,0.423906846
29.055,0.474381845,39.965,0.453873822,,,34.1,0.434367554,29.855,0.450089741,30.915,0.433240369,38.64,0.433013991,35.605,0.423751069
29.015,0.47407685,40.15,0.453647507,,,34.26,0.43432865,29.98,0.449855442,31.06,0.43292654,38.86,0.432859329,35.79,0.423517404
29.205,0.473809979,40.335,0.453383474,,,34.52,0.43397851,30.12,0.449621142,31.18,0.432730398,39.06,0.432627337,35.945,0.423322684
29.46,0.47346686,40.285,0.453157159,,,34.685,0.433745084,30.375,0.449386842,31.48,0.432495026,39.28,0.43243401,36.115,0.423127963
29.53,0.473352487,40.54,0.453006283,,,34.91,0.433550562,30.62,0.449074442,31.69,0.432181198,39.565,0.432086021,36.295,0.422972187
29.655,0.473085616,40.73,0.452666811,,,35.04,0.43335604,30.68,0.448879193,31.8,0.431945826,39.785,0.431970025,36.495,0.422738522
29.885,0.472818745,40.92,0.452365058,,,35.265,0.433083709,30.8,0.448605843,31.97,0.431749683,39.885,0.431738032,36.675,0.422543801
30.025,0.472589999,41.1,0.452176463,,,35.53,0.432811378,31.035,0.448371543,32.255,0.43155354,40.165,0.43150604,36.855,0.422310136
30.095,0.472323128,41.26,0.451912429,,,35.68,0.432694665,31.255,0.448098194,32.415,0.431239712,40.44,0.431235382,37.015,0.42215436
30.255,0.472018133,41.405,0.451686115,,,35.935,0.432344526,31.355,0.447824844,32.56,0.430886655,40.605,0.431003389,37.19,0.421920695
30.27,0.471789386,41.585,0.451384362,,,36.16,0.432188908,31.435,0.447590544,32.675,0.430768969,40.84,0.430887393,37.37,0.421725974
30.475,0.471446267,41.76,0.451195766,,,36.37,0.431955482,31.675,0.447317195,32.93,0.43045514,41.065,0.43057807,37.52,0.421531254
30.585,0.471217521,41.94,0.450969452,,,36.495,0.431722055,31.9,0.447043845,33.085,0.43018054,41.29,0.430384743,37.675,0.421375477
30.765,0.47095065,42.07,0.450743137,,,36.745,0.43141082,31.985,0.446809545,33.22,0.42990594,41.45,0.430191416,37.825,0.421102868
30.92,0.470760028,42.25,0.450403665,,,36.995,0.431216298,32.145,0.446575246,33.415,0.429709797,41.66,0.429959423,37.98,0.420908148
31.025,0.470416908,,,,,37.145,0.430943967,32.33,0.446301896,33.62,0.429435197,41.89,0.429766096,38.125,0.420752371
31.12,0.470226286,,,,,37.375,0.430710541,32.595,0.445950446,33.805,0.429199826,42.07,0.429495438,38.285,0.420518706
31.295,0.469883167,,,,,37.57,0.43043821,32.69,0.445794247,33.96,0.428885997,42.28,0.429263446,38.44,0.420246098
31.49,0.469616296,,,,,37.785,0.430204784,32.8,0.445481847,34.105,0.428768312,42.505,0.429070119,38.58,0.420090321
31.575,0.469311301,,,,,37.885,0.429932453,32.99,0.445286597,34.35,0.428415254,42.675,0.428876792,38.73,0.419934544
31.725,0.469273176,,,,,38.11,0.429737931,33.26,0.444974198,34.52,0.428179883,42.925,0.428606134,38.89,0.419739824
31.925,0.468891932,,,,,38.305,0.429426696,33.375,0.444778948,34.68,0.427905283,43.135,0.428490137,38.98,0.419506159
31.965,0.468586937,,,,,38.51,0.429232174,33.44,0.444505598,34.81,0.427669912,43.345,0.428142149,39.145,0.419272494
32.205,0.468358191,,,,,38.665,0.428998748,33.665,0.444232248,35.055,0.42743454,43.495,0.427987487,39.295,0.419116718
32.315,0.468053196,,,,,38.87,0.428726417,33.9,0.443958899,35.23,0.427199169,43.705,0.427678164,39.43,0.418921997
32.43,0.467786325,,,,,39.05,0.428531895,34.075,0.443802699,35.41,0.426846111,43.915,0.427523502,39.585,0.418727276
32.61,0.46748133,,,,,39.255,0.42822066,34.19,0.443529349,35.53,0.426767654,44.02,0.427330175,39.73,0.418532556
32.775,0.467176335,,,,,39.4,0.427987233,34.415,0.44321695,35.765,0.426532283,44.21,0.427059517,39.87,0.418337835
32.785,0.466947588,,,,,39.565,0.427714903,34.64,0.44290455,35.945,0.426218454,44.425,0.426788859,40.005,0.418143115
32.79,0.466680718,,,,,39.795,0.427481476,34.85,0.44267025,36.125,0.425904626,44.585,0.426711528,,
32.86,0.466490096,,,,,39.955,0.427209146,34.945,0.442475001,36.25,0.425708483,44.795,0.426402205,,
33.12,0.4661851,,,,,40.17,0.426975719,35.125,0.442201651,36.465,0.425394654,44.975,0.426208878,,
33.29,0.46591823,,,,,40.35,0.426742293,35.395,0.441967351,36.705,0.425159283,45.17,0.426015551,,
33.495,0.465689483,,,,,40.55,0.426547771,35.64,0.441654952,36.91,0.42496314,45.375,0.425744893,,
33.695,0.465422613,,,,,40.69,0.42627544,35.755,0.441498752,37.075,0.424727769,45.49,0.425590231,,
33.94,0.465155742,,,,,40.905,0.426080918,35.92,0.441147302,37.35,0.424453168,45.695,0.425358239,,
34.095,0.464850747,,,,,41.07,0.425808587,36.17,0.440873953,37.55,0.42413934,45.89,0.425087581,,
34.24,0.464583876,,,,,41.27,0.425536257,36.4,0.440639653,37.785,0.423903968,46.095,0.424932919,,
34.32,0.464317005,,,,,41.425,0.425341735,36.54,0.440327253,37.935,0.423629368,46.275,0.424700927,,
34.6,0.46401201,,,,,41.63,0.425108308,36.705,0.440092954,36.74,0.423393997,46.425,0.424391603,,
34.79,0.463707015,,,,,41.8,0.424874882,36.94,0.439819604,37.455,0.423119397,46.59,0.424198276,,
34.915,0.463516393,,,,,41.985,0.424641456,37.2,0.439507204,37.94,0.422805568,46.785,0.423966284,,
35.11,0.463173273,,,,,42.135,0.424408029,37.23,0.439272905,37.51,0.422530968,46.975,0.423734291,,
35.345,0.462906402,,,,,42.32,0.424096794,37.485,0.438999555,37.37,0.42221714,47.11,0.423540964,,
35.49,0.462563283,,,,,42.535,0.423941177,37.695,0.438648105,37.875,0.422020997,47.285,0.423192975,,
35.445,0.462258288,,,,,42.7,0.423629941,37.88,0.438374756,38.185,0.42166794,47.465,0.422960983,,
35.745,0.461953293,,,,,42.9,0.423318706,37.975,0.438140456,38.54,0.42139334,47.615,0.422767656,,
35.995,0.461648297,,,,,43.085,0.423124184,38.215,0.437828056,38.77,0.421197197,47.78,0.422458333,,
36.1,0.461343302,,,,,43.295,0.422851854,38.48,0.437554707,39.065,0.420922597,47.93,0.422342336,,
36.3,0.461038307,,,,,43.43,0.422540618,38.515,0.437359457,39.33,0.420647997,48.1,0.422071678,,
36.52,0.460733312,,,,,43.615,0.422268288,38.755,0.437047057,39.62,0.420373397,48.225,0.42180102,,
36.64,0.460390192,,,,,43.805,0.42211267,39.03,0.436734658,39.875,0.420098797,48.36,0.421569028,,
36.8,0.460161446,,,,,43.995,0.421762531,39.11,0.436539408,40.11,0.419824197,48.55,0.42129837,,
37.005,0.459818326,,,,,44.13,0.4214902,37.765,0.436187958,40.345,0.419588825,48.705,0.421105043,,
36.99,0.459513331,,,,,44.31,0.421295678,36.73,0.435953659,40.455,0.419235768,48.85,0.42087305,,
37.195,0.459322709,,,,,44.47,0.420984443,36.675,0.435680309,40.725,0.418961168,49.03,0.420602393,,
37.47,0.458941465,,,,,44.645,0.420712112,36.605,0.435406959,40.885,0.418765025,49.19,0.4203704,,
37.645,0.458598346,,,,,44.755,0.420439781,36.69,0.43509456,41.105,0.418451197,49.31,0.420099742,,
37.765,0.458369599,,,,,44.965,0.42016745,36.85,0.43486026,41.295,0.418176597,49.485,0.41986775,,
37.975,0.458064604,,,,,45.13,0.419934024,36.89,0.434547861,41.52,0.417901997,49.565,0.419597092,,
38.11,0.457721485,,,,,45.26,0.419622789,37.055,0.434274511,41.72,0.417627397,49.715,0.419403765,,
38.29,0.457454614,,,,,45.42,0.419389363,37.21,0.434001161,41.91,0.417313568,49.805,0.419210438,,
38.245,0.457302116,,,,,45.615,0.419039223,37.46,0.433610662,42.09,0.416999739,50.01,0.418823783,,
38.53,0.456768375,,,,,45.73,0.418844701,37.82,0.433415412,42.275,0.416803597,50.09,0.418707787,,
38.695,0.45646338,,,,,45.92,0.41857237,38.42,0.433142062,42.455,0.416568225,50.28,0.418437129,,
38.925,0.456196509,,,,,46.075,0.418261135,38.76,0.432829663,42.615,0.416332854,50.375,0.418166471,,
39.03,0.455815265,,,,,46.22,0.418105518,39.045,0.432517263,42.81,0.416019025,50.54,0.417934479,,
39.24,0.455586519,,,,,46.35,0.417755378,39.28,0.432282963,42.935,0.415665968,50.645,0.417741152,,
39.435,0.455281523,,,,,,,38.985,0.431970564,43.155,0.415469825,50.79,0.417470494,,
39.615,0.454976528,,,,,,,39.685,0.431736264,43.305,0.415155996,50.915,0.417238501,,
39.625,0.454595284,,,,,,,40.01,0.431462914,43.51,0.414920625,51,0.416967844,,
39.765,0.454290289,,,,,,,40.245,0.431189565,43.7,0.414646025,51.13,0.416851847,,
39.92,0.454061543,,,,,,,40.68,0.430838115,43.89,0.414371425,51.235,0.416503859,,
40.035,0.453794672,,,,,,,40.895,0.430681915,44.04,0.414175282,51.35,0.416271866,,
40.19,0.453413428,,,,,,,41.03,0.430369516,44.29,0.413861454,51.47,0.416078539,,
40.3,0.453146557,,,,,,,41.475,0.430057116,44.47,0.413665311,51.555,0.415807881,,
40.44,0.452841562,,,,,,,41.77,0.429822816,44.635,0.413273025,51.705,0.415575889,,
40.605,0.452536567,,,,,,,41.94,0.429549467,44.81,0.413037654,51.81,0.415343896,,
40.775,0.452231572,,,,,,,42.105,0.429315167,44.945,0.412880739,51.92,0.415150569,,
40.91,0.451926577,,,,,,,42.24,0.428963717,45.1,0.412645368,52,0.414879911,,
41.035,0.451545333,,,,,,,42.515,0.428768468,45.305,0.412331539,52.12,0.414647919,,
41.055,0.451316586,,,,,,,41.84,0.428534168,45.44,0.412056939,52.225,0.414415926,,
41.26,0.451011591,,,,,,,42.705,0.428299868,45.625,0.411860796,52.35,0.414183934,,
41.405,0.450706596,,,,,,,43.05,0.428026519,45.825,0.411586196,52.42,0.413951941,,
41.565,0.450439725,,,,,,,43.15,0.427714119,46.005,0.411272368,52.54,0.413681283,,
41.675,0.45013473,,,,,,,43.345,0.427479819,46.185,0.411115453,52.665,0.413526622,,
41.835,0.449791611,,,,,,,43.46,0.42728457,46.34,0.410840853,52.775,0.413255964,,
41.98,0.449486615,,,,,,,43.645,0.42701122,46.485,0.410605482,52.875,0.413101302,,
42.115,0.449257869,,,,,,,43.835,0.42669882,46.645,0.41037011,52.975,0.412869309,,
42.245,0.44891475,,,,,,,43.54,0.42654262,46.81,0.410134739,53.07,0.412637317,,
42.32,0.448647879,,,,,,,44.025,0.426269271,46.965,0.409899368,53.135,0.412482655,,
42.265,0.448304759,,,,,,,44.375,0.426034971,47.15,0.409624768,53.21,0.412289328,,
42.38,0.448152262,,,,,,,44.59,0.425761621,47.32,0.409389396,53.325,0.412057336,,
42.52,0.447847266,,,,,,,44.79,0.425527322,47.49,0.409193253,53.4,0.411786678,,
42.655,0.447542271,,,,,,,45.25,0.424941572,47.675,0.408957882,53.49,0.411593351,,
42.795,0.447237276,,,,,,,44.715,0.424785373,47.835,0.408800968,53.585,0.411284027,,
42.935,0.44700853,,,,,,,45.375,0.424512023,48,0.408526368,53.665,0.411168031,,
43.05,0.44666541,,,,,,,45.555,0.424316773,48.15,0.408330225,53.765,0.4110907,,
43.21,0.446398539,,,,,,,45.645,0.424082473,48.29,0.408055625,53.85,0.410742712,,
43.335,0.446131669,,,,,,,45.77,0.423887224,48.41,0.40789871,53.96,0.410510719,,
43.455,0.445864798,,,,,,,46.035,0.423652924,48.55,0.407663339,54.065,0.410317392,,
43.5,0.445597927,,,,,,,46.31,0.423496724,48.695,0.407388739,54.115,0.4100854,,
43.63,0.445292932,,,,,,,46.63,0.423223375,48.845,0.407231825,54.195,0.410008069,,
43.705,0.44510231,,,,,,,46.55,0.423028125,49.005,0.406878767,54.275,0.409892072,,
43.785,0.444835439,,,,,,,47.035,0.422754775,49.155,0.406721853,54.345,0.409582749,,
43.88,0.444568569,,,,,,,47.215,0.422559525,49.335,0.406486482,54.43,0.409312091,,
43.995,0.444339822,,,,,,,47.275,0.422403326,49.48,0.406329567,54.515,0.40915743,,
44.145,0.444072951,,,,,,,47.42,0.422051876,49.595,0.406054967,54.595,0.408925437,,
44.29,0.443844205,,,,,,,47.61,0.421817576,49.735,0.405858825,54.675,0.408693445,,
44.49,0.443577334,,,,,,,47.77,0.421700426,49.88,0.405623453,54.74,0.408577448,,
44.62,0.443310463,,,,,,,47.93,0.421388027,50.01,0.40542731,54.81,0.408384121,,
44.585,0.443081717,,,,,,,47.725,0.421270877,50.14,0.405231167,54.855,0.408152129,,
44.735,0.442852971,,,,,,,48.15,0.421036577,50.28,0.404956567,54.965,0.407997467,,
44.9,0.442547976,,,,,,,48.48,0.420646078,50.435,0.404760424,55.04,0.40780414,,
45.075,0.442319229,,,,,,,48.775,0.420450828,50.58,0.404446596,55.115,0.407610813,,
45.235,0.442090483,,,,,,,49.015,0.420255578,50.715,0.404289682,55.185,0.40737882,,
45.4,0.441861736,,,,,,,49.33,0.420021279,50.86,0.40405431,55.28,0.407146828,,
45.58,0.441556741,,,,,,,49.625,0.419826029,50.995,0.40377971,55.345,0.407030832,,
45.77,0.441366119,,,,,,,49.53,0.419552679,51.16,0.403583567,55.405,0.406798839,,
45.86,0.441099249,,,,,,,49.835,0.419357429,51.29,0.403387424,55.47,0.406566847,,
46.075,0.440794253,,,,,,,50.095,0.41916218,51.425,0.403191281,55.555,0.406412185,,
46.29,0.440527383,,,,,,,50.375,0.41884978,,,55.655,0.406141527,,
46.52,0.440298636,,,,,,,50.65,0.41869358,,,55.725,0.406025531,,
46.74,0.439955517,,,,,,,50.91,0.41845928,,,55.8,0.405870869,,
46.92,0.439879268,,,,,,,51.15,0.418224981,,,55.855,0.405638877,,
47.095,0.439536148,,,,,,,51.395,0.417990681,,,55.925,0.40544555,,
47.2,0.439383651,,,,,,,51.31,0.417756381,,,55.995,0.405174892,,
47.385,0.438964282,,,,,,,51.615,0.417561132,,,56.05,0.405097561,,
47.57,0.438811785,,,,,,,51.865,0.417326832,,,56.135,0.404904234,,
47.735,0.43850679,,,,,,,52.125,0.417131582,,,56.195,0.404633576,,
47.85,0.438239919,,,,,,,52.345,0.416936332,,,56.265,0.40451758,,
48.03,0.437973048,,,,,,,52.565,0.416662983,,,56.35,0.404285587,,
48.235,0.437744302,,,,,,,52.795,0.416428683,,,56.405,0.40409226,,
48.4,0.437363058,,,,,,,52.995,0.416272483,,,56.47,0.403860268,,
48.595,0.437172436,,,,,,,53.205,0.416038183,,,56.495,0.403628275,,
48.77,0.437019938,,,,,,,53.185,0.415803884,,,56.57,0.403512279,,
48.93,0.436791192,,,,,,,53.415,0.415569584,,,56.625,0.403318952,,
49.045,0.436486197,,,,,,,53.62,0.415335284,,,56.705,0.403086959,,
49.23,0.43625745,,,,,,,53.83,0.415140035,,,56.775,0.402932298,,
49.405,0.435952455,,,,,,,54.025,0.414866685,,,56.845,0.402777636,,
49.565,0.435723709,,,,,,,54.225,0.414749535,,,56.915,0.402390982,,
49.745,0.435456838,,,,,,,54.37,0.414476185,,,56.965,0.402352316,,
49.92,0.435228092,,,,,,,54.56,0.414241886,,,56.985,0.402120324,,
50.095,0.434999345,,,,,,,54.76,0.414085686,,,57.035,0.401965662,,
50.2,0.43469435,,,,,,,54.91,0.413812336,,,57.1,0.401811001,,
50.345,0.434465604,,,,,,,54.875,0.413656136,,,57.18,0.401617673,,
50.53,0.434236858,,,,,,,55.04,0.413421837,,,57.19,0.401424346,,
50.71,0.434008111,,,,,,,55.225,0.413187537,,,57.25,0.401192354,,
50.865,0.43374124,,,,,,,55.41,0.412992287,,,57.335,0.401037692,,
51,0.433512494,,,,,,,55.59,0.412757988,,,57.34,0.4008057,,
51.19,0.433321872,,,,,,,55.75,0.412445588,,,57.4,0.400689703,,
51.345,0.432978752,,,,,,,55.96,0.412289388,,,57.46,0.400496376,,
51.405,0.432711882,,,,,,,56.08,0.412055088,,,57.44,0.400225718,,
51.58,0.43252126,,,,,,,56.265,0.411898889,,,57.55,0.400032391,,
51.71,0.43217814,,,,,,,56.39,0.411664589,,,57.53,0.39987773,,
51.88,0.432063767,,,,,,,56.59,0.411391239,,,57.62,0.399723068,,
52.025,0.431758772,,,,,,,56.535,0.411274089,,,57.605,0.39945241,,
52.175,0.43156815,,,,,,,56.735,0.41100074,,,57.68,0.39945241,,
52.315,0.431263155,,,,,,,,,,,57.705,0.399143087,,
52.445,0.431072533,,,,,,,,,,,57.775,0.398911094,,
52.59,0.430805662,,,,,,,,,,,57.74,0.398833764,,
52.69,0.430653164,,,,,,,,,,,57.835,0.398485775,,
52.815,0.430310045,,,,,,,,,,,57.835,0.398447109,,
52.975,0.430043174,,,,,,,,,,,57.88,0.398176451,,
53.08,0.429814428,,,,,,,,,,,57.95,0.39802179,,
53.255,0.429585681,,,,,,,,,,,57.91,0.397789797,,
53.395,0.429433184,,,,,,,,,,,58.005,0.397635136,,
53.53,0.429090064,,,,,,,,,,,58.035,0.397364478,,
53.685,0.428861318,,,,,,,,,,,57.995,0.397248481,,
53.825,0.428670696,,,,,,,,,,,58.065,0.397016489,,
53.835,0.428403825,,,,,,,,,,,58.12,0.396745831,,
54.01,0.428136954,,,,,,,,,,,58.145,0.396629835,,
54.145,0.427870084,,,,,,,,,,,,,,
54.26,0.427679462,,,,,,,,,,,,,,
54.36,0.427336342,,,,,,,,,,,,,,
54.51,0.42714572,,,,,,,,,,,,,,
54.625,0.426802601,,,,,,,,,,,,,,
54.745,0.426611979,,,,,,,,,,,,,,
54.855,0.426383232,,,,,,,,,,,,,,
54.975,0.426154486,,,,,,,,,,,,,,
55.095,0.425849491,,,,,,,,,,,,,,
55.15,0.425544495,,,,,,,,,,,,,,
55.28,0.425353874,,,,,,,,,,,,,,
55.39,0.425163252,,,,,,,,,,,,,,
55.535,0.424896381,,,,,,,,,,,,,,
55.64,0.424591386,,,,,,,,,,,,,,
55.76,0.424324515,,,,,,,,,,,,,,
55.875,0.424057644,,,,,,,,,,,,,,